{
    "loss": 1.2697021961212158,
    "accuracy": 0.7758620977401733
}