{
    "loss": 0.36103421449661255,
    "accuracy": 0.8965517282485962
}